{"cameraMode":{"drawMode":0,"name":"Shaded","section":"Shading Mode"},"sceneLighting":false,"audioPlay":false,"sceneViewState":{"showFog":true,"showMaterialUpdate":false,"showSkybox":false,"showFlares":true,"showImageEffects":true,"showParticleSystems":true},"in2DMode":false,"pivot":{"x":-10.239999771118164,"y":2.520042657852173,"z":8.023615837097168},"rotation":{"x":0.09317430108785629,"y":-0.0026761244516819717,"z":0.00025412425748072565,"w":0.9956462383270264},"size":15.4044828414917,"orthographic":false}